Id,Name
1,10
2,12 Monkeys (DTS)
3,12 Monkeys: Collector's Edition
4,187: Special Edition
5,1941: Collector's Edition
6,200 Cigarettes
7,2001: A Space Odyssey (Original Release)
8,2001: A Space Odyssey (Repackaged Version)
9,2010: The year We Made Contact
10,3 Days Of The Condor
11,48 HRS.
12,8 Seconds
13,9 1/2 Weeks
14,Above The Law
15,Absolute Power
16,Ace Ventura: Pet Detective
17,Ace Ventura: When Nature Calls
18,Action Jackson
19,Action Pack Gift Set
20,Adam Sandler Collection
21,Adam's Rib
22,Addams Family
23,Addams Family Values
24,Addicted to Love
25,Adventures Of Pinocchio
26,"Adventures Of Priscilla, Queen Of The Desert (MGM/UA)"
27,Adventures Of Sebastian Cole
28,Affliction
29,Al Pacino Collection
30,"Alanis Morissette: Jagged Little Pill, Live"
31,Alfred Hitchcock Collection (Box Set)
32,All Dogs Christmas Carol
33,All Quiet On The Western Front (1930)
34,All The President's Men
35,Altered States
36,Always
37,Amadeus
38,American Flyers
39,American Gigolo
40,American Graffiti: Collector's Edition
41,American History X: Platinum Edition
42,American in Paris (MGM/UA)
43,American In Paris (Warner)
44,American Pie: Collector's Edition (R Rated Version)
45,American Pie: Collector's Edition (Unrated Version)
46,American President
47,Analyze This
48,Anchors Aweigh
49,Annie Hall
50,Another 48 Hours
51,Apocalypse Now
52,Apollo 13 (DTS)
53,Apollo 13: Collector's Edition
54,Apostle: Collector's Edition
55,Army Of Darkness
56,Art Garfunkel: Across America
57,Arthur
58,Assassins
59,"Astronaut's Wife, The"
60,At First Sight
61,Austin Powers: Platinum Edition
62,Austin Powers: The Spy Who Shagged Me: Platinum Edition
63,Avengers: The Movie
64,Babe (DTS)
65,Babe: Pig In The City
66,Bachelor
67,Back To School
68,Backdraft
69,Badlands
70,Barbarella
71,Barefoot In The Park
72,Barry Lyndon
73,Baseball
74,BASEketball
75,Bataan
76,Batman
77,Batman & Robin
78,Batman Beyond: The Movie
79,Batman Forever
80,Batman Returns
81,Batman: Mask Of The Phantasm
82,Batteries Not Included
83,Battlestar Galactica
84,Beavis And Butt-Head Do America
85,Bed Of Roses
86,Beethoven
87,Beethoven's 2nd
88,Beetlejuice
89,Before Sunrise
90,Beguiled
91,Ben-Hur
92,Besieged: Platinum Edition
93,Best Bits Of Mr. Bean (Universal)
94,Best Man
95,Betrayed
96,Betsy
97,Big Bully
98,Big Red One
99,Big Sleep
100,Billy Madison
101,Bird On A Wire
102,Birdcage
103,Birds: Collector's Edition
104,Bjork: All Is Full Of Love
105,Bjork: Volumen
106,Black Beauty (1994)
107,Black Dog
108,Black Rain (1989)
109,Black Stallion
110,Blade Runner: Director's Cut
111,Blade: Platinum Edition
112,Blast From The Past
113,Blazing Saddles
114,"Blood, Guts, Bullets And Octane"
115,Blown Away
116,Blue Hawaii
117,Blue Velvet (MGM/UA)
118,Blues Brothers 2000 (DTS)
119,Blues Brothers 2000: Collector's Edition
120,Blues Brothers: Collector's Edition
121,Body Heat (1981)
122,Body Snatchers
123,Bodyguard
124,Boiling Point (1993)
125,Bone Collector: Collector's Edition
126,Bonfire Of The Vanities
127,Bonnie And Clyde (Original Version)
128,Bonnie And Clyde (Remastered Version)
129,Boogie Nights: Platinum Edition
130,Born On The Fourth Of July
131,Born On The Fourth Of July (DTS)
132,Bound For Glory
133,Bowfinger
134,Boxer (DTS)
135,Boxer: Collector's Edition
136,Boys On The Side
137,Brainstorm
138,Brazil
139,Breakdown
140,Breakfast At Tiffany's
141,Breakfast Club
142,Breathless
143,Bride Of Chucky
144,Bride Of Frankenstein: Classic Monster Collection
145,Bridge At Remagen
146,Bridge Too Far
147,Bridges Of Madison County
148,Brigadoon (MGM/UA)
149,Brigadoon (Warner)
150,Bringing Out The Dead
151,Buffalo 66
152,Bulletproof
153,Bullitt
154,Burbs
155,Burglar
156,Burn The Floor
157,Cabaret: Special Edition
158,Caddyshack
159,Caddyshack 2
160,Caddyshack: Special Edition
161,Camelot: Special Edition
162,Campus Comedy Classics: Collector's Edition
163,Candidate
164,Cannonball Run 2
165,Career Opportunities
166,Carlito's Way
167,Carnal Knowledge (MGM/UA)
168,Carrie
169,Casablanca: Special Edition
170,Casablanca: Special Edition (Warner)
171,Casino
172,Cat On A Hot Tin Roof (1958)
173,Cat On A Hot Tin Roof (Warner)
174,Cats (Universal)
175,Chamber
176,Chariots Of Fire
177,Child's Play
178,Child's Play 2: Chucky's Back
179,Chill Factor: Special Edition
180,Chinatown
181,Chitty Chitty Bang Bang
182,Christmas Story (MGM/UA)
183,Christmas Story (Warner)
184,Circuit 1:1
185,Circuit 1:2
186,Circuit 1:3
187,Circuit 1:4
188,Circuit 1:5
189,Circuit 6
190,City Hall
191,City Of Angels: Special Edition
192,Clan Of The Cave Bear
193,Classic Steve Martin
194,Clean And Sober
195,Clear And Present Danger
196,Cleopatra Jones
197,Client
198,Clockers
199,Clockwork Orange
200,Clue
201,Clueless
202,CNN Millennium 2000: Incredible Moments From The Celebration
203,Cobra (1986)
204,Color Purple
205,Coma
206,Coming To America
207,Conan The Barbarian
208,Conan The Barbarian: Collector's Edtion
209,Conan The Destroyer
210,Congo
211,Conspiracy Theory
212,Contact: Special Edition
213,Cool Hand Luke
214,Cooley High
215,Cop & A Half
216,Copycat: Special Edition
217,"Corrina, Corrina"
218,Corruptor
219,Court Jester
220,Cowboy Way
221,Cowboys
222,Crash
223,CreepShow
224,Crooklyn
225,Crush
226,Cry Freedom
227,Cry In The Dark
228,Cyborg
229,Damage
230,Dangerous Beauty
231,Dangerous Ground
232,Dangerous Liaisons
233,Dante's Peak (DTS)
234,Dante's Peak: Collector's Edition
235,Dark City: Platinum Edition
236,Dark Half
237,Dark Victory
238,Darkman
239,Darkman 2: The Return Of Durant
240,Dave
241,Day of The Jackal
242,Daylight (DTS)
243,Daylight: Collector's Edition
244,Days Of Heaven
245,Days Of Thunder
246,Dazed & Confused
247,Dead Again: Special Edition
248,Dead Bang
249,Dead Calm
250,Dead Man On Campus
251,Dead Man Walking
252,Dead Men Don't Wear Plaid
253,Death Becomes Her
254,Deathtrap
255,Deconstructing Harry
256,Deep Blue Sea: Special Edition
257,Deep Cover
258,Deep Impact
259,Deer Hunter
260,Deliverance
261,Demolition Man: Special Edition
262,Depeche Mode: The Videos '86-'98
263,Desperately Seeking Susan: Special Edition
264,Detroit Rock City: Platinum Edition
265,Devil's Advocate: Special Edition (New Release)
266,Devil's Advocate: Special Edition (Original Release)
267,Diggstown
268,Diner
269,Dinner Game
270,Dirty Dozen
271,Dirty Dozen (Warner)
272,Dirty Harry
273,Dirty Work
274,Disclosure
275,Disturbing Behavior: Special Edition
276,Divine Madness
277,Do The Right Thing
278,Doc Hollywood
279,Doctor Zhivago
280,Dog Day Afternoon
281,Dolores Claiborne: Special Edition
282,Don Juan de Marco
283,Doors: Collector's Edition
284,Double Jeopardy
285,Dr. No
286,Dr. No: Special Edition
287,Dracula: Classic Monster Collection
288,Dragnet
289,Dragon: The Bruce Lee Story: Collector's Edition
290,Dragonheart (DTS)
291,Dragonheart: Collector's Edition
292,Driving Miss Daisy
293,Drop Dead Gorgeous
294,Drop Squad
295,Drop Zone
296,Dudley Do Right
297,Dumb & Dumber
298,Dune
299,DVD F/X Gift Set
300,Ed-TV (DTS)
301,Ed-TV: Collector's Edition
302,Eiger Sanction
303,El Dorado
304,Election
305,Elvis '56
306,Elvis Presley: Aloha From Hawaii
307,Elvis Presley: The Alternate Aloha Concert
308,Embrace Of The Vampire
309,End Of Days: Collector's Edition
310,End Of Violence
311,Enter The Dragon: Special Edition
312,Eraser
313,Eric Clapton & Friends: In Concert: The Crossroads Benefit
314,Eric Clapton Unplugged
315,Eric Clapton: 24 Nights
316,Eric Clapton: Clapton Chronicles: The Best Of Eric Clapton
317,Escape From Alcatraz
318,Escape From L.A.
319,Event Horizon
320,Excalibur
321,Executive Decision
322,"Exorcist, The"
323,Exorcist 3
324,Exorcist: 25th Anniversary Special Edition
325,Extreme Adventures Of Super Dave
326,Extreme DVD Gift Set
327,Extreme Measures
328,Eye Of The Needle
329,Eyes Wide Shut
330,F/X
331,F/X 2
332,Face/Off
333,Fair Game
334,Falcon & The Snowman
335,Fallen
336,Falling Down
337,Far And Away
338,Fast Times At Ridgemont High: Collector's Edition
339,Father's Day
340,Fear (1998)
341,Fear And Loathing In Las Vegas
342,Fearless
343,Feeling Minnesota
344,Ferris Bueller's Day Off
345,Fiddler on The Roof: Special Edition
346,Field of Dreams: Collector's Edition
347,Fierce Creatures
348,Filter: Title Of DVD
349,Final Analysis
350,Fire Down Below
351,Firm
352,First Deadly Sin
353,First Wives Club
354,Fish Called Wanda
355,Fistful Of Dollars
356,Five Corners (Universal)
357,Flawless
358,Fled
359,Fleetwood Mac: The Dance
360,Fletch
361,Flintstones (DTS)
362,Flintstones: Collector's Edition
363,For a Few Dollars More
364,For Love Of The Game
365,For Richer or Poorer
366,For Richer Or Poorer (DTS)
367,For Whom The Bell Tolls
368,For Your Eyes Only: Special Edition
369,Forbidden Planet (MGM/UA)
370,Forbidden Planet (Warner)
371,Force 10 From Navarone
372,Forever Young
373,Forget Paris
374,Four Weddings and a Funeral (MGM/UA)
375,Frank Sinatra: A Man & His Music + Ella + Jobim
376,Frank Sinatra: A Man & His Music Volume 1
377,Frank Sinatra: A Man And His Music Volume 2
378,Frank Sinatra: Francis Albert Sinatra Does His Thing
379,Frank Sinatra: Ol' Blue Eyes Is Back
380,Frank Sinatra: Sinatra
381,Frank Sinatra: Sinatra In Concert At Royal Festival Hall
382,Frank Sinatra: The Main Event
383,Frank Sinatra: The Man And His Music With The Count Basie Orchestra
384,Frankenstein: Classic Monster Collection
385,Frantic
386,Free Willy
387,Freejack
388,Friday
389,Friday The 13th
390,Friday The 13th: Part 2
391,Fried Green Tomatoes: Collector's Edition
392,Friends And Lovers
393,Frighteners
394,From Russia with Love
395,Fugitive
396,Full Force DVD Gift Set
397,Full Metal Jacket
398,Funny Farm
399,Funny Thing Happened On The Way To The Forum
400,G.I. Blues
401,Galaxy Quest
402,Galaxy Quest (DTS)
403,Gallipoli
404,Gauntlet
405,General's Daughter
406,George Balanchine's Nutcracker
407,Get Real
408,Get Shorty
409,Getaway (1972)
410,Getaway (1994)
411,Ghost And The Darkness
412,Ghosts Of Mississippi
413,Gigi (MGM/UA)
414,Gigi (Warner)
415,Glimmer Man
416,Gods And Monsters: Collector's Edition
417,Going My Way / Holiday Inn
418,Golden Child
419,GoldenEye
420,Goldeneye: Special Edition
421,Goldfinger
422,Goldfinger: Special Edition
423,Gone With The Wind (MGM/UA)
424,Gone With The Wind (Warner)
425,"Good, The Bad & The Ugly"
426,Goodbye Girl
427,Goodbye Lover
428,GoodFellas
429,Gorillas In The Mist
430,Grace Of My Heart: Collector's Edition
431,Graduate: Special Edition (MGM/UA)
432,Great Escape
433,Great Outdoors
434,Great Santini
435,Great Train Robbery
436,Greedy
437,Green Berets
438,Green Mile
439,Gremlins (Discontinued)
440,Grumpier Old Men
441,Grumpy Old Men
442,Guilty By Suspicion
443,Guys & Dolls
444,Gypsy (Warner)
445,Hackers
446,Hair
447,Half Baked
448,Hang 'Em High
449,Happy Gilmore
450,Hard Rain
451,Hard Target
452,Hard to Kill
453,Hard Way
454,Harold And Maude
455,Havana
456,Heart And Souls
457,Heat (1995)
458,Heaven Can Wait
459,Heaven's Gate
460,Hellfighters
461,Henry & June
462,Her Alibi
463,Hercules & Xena: Animated Movie
464,Hercules Action Pack
465,Hercules: Lost Kingdom/ Amazon Women
466,Hercules: Warrior Princess/ Gauntlet/ Unchained Heart
467,Hidden: Platinum Edition
468,High Plains Drifter
469,Hindenburg
470,Holcroft Covenant: Special Edition
471,Hollywood Confidential
472,Home Fries
473,Honeymoon In Vegas (MGM/UA)
474,Hoodlum
475,Hooper
476,Hoosiers (MGM/UA)
477,Hootie And The Blowfish: A Series Of Short Trips
478,Hot Spot
479,House On Haunted Hill: Special Edition
480,House On The Haunted Hill
481,House Party
482,House Party 2
483,House Party 3
484,Housesitter
485,How The Grinch Stole Christmas / Horton Hears A Who (MGM/UA)
486,How The Grinch Stole Christmas / Horton Hears A Who (Warner)
487,How The West Was Won
488,How To Make An American Quilt
489,How To Stuff A Wild Bikini
490,How To Succeed In Business Without Really Trying
491,Hudsucker Proxy
492,Hunchback Of Notre Dame (Warner / 1939)
493,Hunt For Red October
494,Hunted
495,Hurlyburly: Platinum Edition
496,I Married A Strange Person
497,Idolmaker
498,Imagine: John Lennon
499,In & Out
500,In Country
501,In Love And War
502,In The Mouth Of Madness: Platinum Edition
503,In The Name Of The Father
504,Incognito
505,Innocent Blood
506,Internal Affairs
507,Interview With The Vampire
508,Interview With The Vampire: Special Edition
509,Invasion Of The Body Snatchers (1978)
510,Iron Giant
511,Island Of Dr. Moreau: Director's Cut
512,Jack Frost (1998)
513,Jackal (DTS)
514,Jackal: Collector's Edition
515,Jackie Chan's First Strike
516,Jade
517,Jailhouse Rock
518,James Bond Collection #1
519,James Bond Collection #2
520,Jason's Lyric (MGM/UA)
521,Jaws: Collector's Edition
522,Jaws: Collector's Edition (DTS)
523,Jennifer 8
524,Jeremiah Johnson
525,Jerk
526,Jesus Christ Superstar
527,Jezebel
528,JFK: Special Edition Director's Cut
529,Jimi Hendrix
530,Joe Kidd
531,Joe's Apartment
532,John Belushi Collection
533,John Fogerty: Premonition
534,Joseph & The Amazing Technicolor Dreamcoat
535,Jungle Fever
536,Junior
537,Just Cause
538,Just The Ticket
539,K-9
540,K-911
541,Kelly's Heroes
542,Key Largo
543,Killer Elite
544,Killer's Kiss
545,Killing
546,Killing Fields
547,Kindergarten Cop
548,King And I (1999)
549,King Creole
550,King Kong
551,Kingpin: Special Edition
552,Kiss The Girls
553,Kiss The Sky
554,Kissing A Fool
555,Kull Conqueror
556,L. A. Confidential: Special Edition
557,La Cucaracha: Special Edition
558,La Traviata
559,Ladyhawke
560,Land Before Time
561,Last Boy Scout
562,Last Man Standing
563,Last Night
564,Last Starfighter: Collector's Edition
565,Last Tango In Paris
566,Lawnmower Man: Platinum Edition
567,Lean On Me
568,Leave it to Beaver
569,Leaving Las Vegas
570,Led Zeppelin: The Song Remains The Same
571,Lethal Weapon
572,Lethal Weapon 2
573,Lethal Weapon 2: Director's Cut
574,Lethal Weapon 3
575,Lethal Weapon 3: Director's Cut
576,Lethal Weapon 4
577,Lethal Weapon Gift Set
578,Lethal Weapon: Director's Cut
579,Leviathan
580,Liar Liar
581,Liar Liar (DTS)
582,"Liar, Liar: Collector's Edition"
583,License To Kill: Special Edition
584,Life
585,Lifeforce
586,Lionheart
587,Little Princess
588,Little Rascals
589,Little Rascals (DTS)
590,Little Shop of Horrors: Special Edition (Original Version)
591,Little Shop Of Horrors: Special Edition (Remastered Version)
592,Live And Let Die: Special Edition
593,Living Out Loud: Platinum Edition
594,Local Hero
595,Logan's Run: Special Edition
596,Lolita
597,Lone Star
598,Lonely Guy
599,Long Kiss Goodnight
600,Lord Of Illusions: Special Edition
601,Lost And Found
602,Lost Boys
603,Lost In Space: The Movie: Platinum Edition
604,Love And Death On Long Island
605,Love Jones
606,Lovesick
607,Mad City
608,Mad Max Beyond Thunderdome
609,Made In America
610,Madigan
611,Madonna: Ciao Italia: Live From Italy
612,Madonna: The Girlie Show: Live Down Under
613,Madonna: The Video Collection 1992-1999
614,Magnificent Seven
615,Major League 2
616,Major League 3: Back To The Minors
617,Major Payne
618,Malcolm X
619,Mallrats: Collector's Edition
620,Maltese Falcon
621,Barenaked Ladies: Too Little Too Late DVD Single
622,Casino Lights '99: Montreux Jazz Festival
623,Dream Theater: Metropolis 2000: Scenes From New York (Special Edition)
624,Static-X: Where The Hell Are We And What Day Is It: This Is Static-X
625,Strauss: New Year's Concert 2001: Nikolaus Harnoncourt (DVD-Audio)
626,Vivaldi: The Four Season
627,Alice (1990)
628,Another Woman
629,Antitrust (Special Edition)
630,Apartment
631,Barefoot Contessa
632,Beach Blanket Bingo
633,Crimes And Misdemeanors
634,Donovan's Brain
635,Dr. Goldfoot And The Bikini Machine
636,Entertainer
637,Fall Of The House Of Usher (Special Edition/ 1960)
638,Hope And Glory
639,Kiss Me Deadly
640,Madness Of King George
641,Marty
642,Misfits
643,Moby Dick (1956)
644,Pit And The Pendulum (Special Edition/ 1961)
645,Platoon (Special Edition)
646,Rembrandt
647,Salvador (Special Edition)
648,September
649,Shadows And Fog
650,Something Wild
651,Sweet Smell Of Success
652,Thing With Two Heads
653,Tom Jones
654,Village Of The Giants
655,Woody Allen Collection 1987-1992
656,X: The Man With The X-Ray Eyes (Special Edition)
657,Gummo
658,Julien Donkey Boy
659,Bridges Of Toko-Ri
660,Catch 22 (Special Edition)
661,Donovan's Reef
662,Hell Is For Heroes
663,In Harm's Way
664,Kill Shot
665,Man Who Shot Liberty Valance
666,Sons Of Katie Elder
667,Star Trek TV #23: A Private Little War/ The Gamesters Of Triskelion
668,Star Trek TV #24: Obsession/ The Immunity Syndrome
669,Sunshine
670,Uncommon Valor
671,Jaws 2
672,Fugitive (Special Edition)
673,Serpent's Kiss
674,What Women Want (Special Edition)
675,Gormenghast
676,Charlotte's Web
677,Shadow Of The Vampire (Special Edition)
678,Two Family House
679,Blue Planet: IMAX
680,Cartoon Crack-Ups
681,Dream Is Alive: IMAX
682,V: The Original Miniseries (Special Edition)
683,2001: A Space Odyssey
684,Barry Lyndon
685,Before Night Falls (Special Edition)
686,Best In Show
687,Clockwork Orange
688,Dungeons And Dragons (Special Edition)
689,Full Metal Jacket
690,Game Of Death (1978)
691,Lolita
692,Nutty Professor 2: The Klumps Uncensored (Special Edition)
693,Pay It Forward (Special Edition)
694,Playboy 2000: The Party Continues
695,Playboy Centerfold: 2001 Playmate Of The Year
696,Shining
697,Stanley Kubrick Collection
698,Star Trek TV #25: A Piece Of The Action/ By Any Other Name
699,Star Trek TV #26: Return To Tomorrow/ Patterns Of Force
700,X-Men: Reunion/ Out Of The Past/ No Mutant Is An Island
701,"X-Men: Sanctuary/ Proteus/ Weapon X, Lies And Videotape"
702,Eyes Wide Shut (ReRelease)
703,Save The Last Dance (Special Edition)
704,You Can Count On Me (Special Edition)
705,Forever Mine
706,Holiday Heart
707,Bach: St. Matthew Passion: Harnoncourt (DVD-Audio)
708,Chanticleer: Magnificat (DVD-Audio)
709,Fleetwood Mac: Rumours (DVD-Audio)
710,Messiaen: Vingt Regards Sur L'Enfant Jesus: Aimard (DVD-Audio)
711,All Revved Up
712,Bagdad Cafe
713,Black Robe
714,Claim
715,Cotton Club
716,Cutter's Way
717,Go Fish
718,Hollywood Shuffle
719,Hotel New Hampshire
720,Liebestraum
721,Marat Sade
722,Theremin: An Electronic Odyssey
723,Who'll Stop The Rain
724,Chocolat
725,La Cage Aux Folles
726,La Cage Aux Folles II
727,Madonna: What It Feels Like For A Girl DVD Single
728,Apollo 13 (Special Edition/ Dolby Digital)/ Backdraft
729,Casino/ Carlito's Way
730,12 Monkeys (Special Edition/ Dolby Digital)/ Jackal
731,Man In The Iron Mask (MGM/UA)
732,Man On The Moon: Collector's Edition
733,Man Who Knew Too Little
734,Man Who Would be King
735,Man With No Name: Clint Eastwood Gift Set
736,Man With The Golden Gun: Special Edition
737,Man With Two Brains
738,Mana: MTV Unplugged
739,Manchurian Candidate: Special Edition
740,Marnie: Collector's Edition
741,Married To The Mob
742,Mars Attacks!
743,Mask: Platinum Edition
744,"Matrix, The"
745,Maverick
746,McKenzie Break
747,Mean Streets
748,Meet Joe Black
749,Memphis Belle
750,Menace II Society
751,Mercury Rising
752,Mercury Rising (DTS)
753,Mercury Rising: Collector's Edition
754,Message In A Bottle
755,Metallica: A Year & A Half In The Life Of Metallica #1
756,Metallica: Cliff 'Em All
757,Metallica: Cunning Stunts
758,Metallica: With The San Francisco Symphony: S&M
759,Meteor
760,Metroland
761,Michael
762,Michael Collins
763,Michael Crawford In Concert
764,Michael Flatley: Lord Of The Dance (Universal)
765,Mickey Blue Eyes
766,Midnight Cowboy
767,Midnight In The Garden Of Good And Evil
768,Miss Julie
769,Missing In Action
770,Mission Impossible
771,Mister Roberts: Premiere Collection
772,Mod Squad: The Movie
773,Molly
774,Money Talks
775,Monkey Shines
776,Monterey Jazz Festival: 40 Legendary Years
777,Moonraker
778,Moonraker: Special Edition
779,Moonstruck: Special Edition
780,More Treasures Of The Twilight Zone
781,Mortal Kombat: Annilihation: Platinum Edition
782,Mortal Kombat: The Movie
783,Mosquito Coast
784,Most Wanted
785,Mother Night
786,Mr. Death: The Rise And Fall Of Fred A. Leuchter Jr.
787,Mr. Mom
788,Mr. Mumble
789,Mr. Nice Guy
790,Mr. Wonderful
791,Mummy: Classic Monster Collection (1932)
792,Mummy: Collector's Edition (LBX)
793,Mummy: Collector's Edition (1999 / P&S)
794,Murder at 1600
795,Murder In The First
796,Music Man: Special Edition
797,My Blue Heaven
798,My Fair Lady: Premiere Collection
799,My Fellow Americans
800,My Giant
801,My Sergei
802,Mystery Men
803,Mystery Train
804,Natalie Merchant: Live In Concert
805,National Geographic: 30 Years Of National Geographic Specials
806,National Geographic: Nature's Fury
807,National Geographic: Secrets Of The Titanic
808,National Geographic: Surviving Everest
809,National Geographic: The Battle For Midway
810,National Geographic: The Photographers
811,National Geographic: Tigers In The Snow
812,National Lampoon's Animal House
813,National Lampoon's Animal House: Collector's Edition
814,National Lampoon's Christmas Vacation
815,National Lampoon's Loaded Weapon
816,National Lampoon's Vacation
817,National Velvet
818,Negotiator: Premiere Collection
819,Neil Young: Silver And Gold
820,Network (MGM/UA)
821,Network (Warner)
822,New Jack City
823,Next Friday: Platinum Series
824,Next Of Kin
825,Nick Of Time
826,Night At The Roxbury
827,Night Falls On Manhattan: Special Edition
828,Night Of The Hunter
829,Night Shift
830,"Nightmare on Elm Street, A"
831,Nightmare On Elm Street Collection: Platinum Edition
832,No Way Out
833,Nothing But Trouble
834,Notting Hill: Collector's Edition
835,Now And Then
836,Nutty Professor
837,Nutty Professor (DTS)
838,October Sky: Collector's Edition
839,Odd Couple II
840,Omega Man
841,On Deadly Ground
842,On Her Majesty's Secret Service: Special Edition
843,On The Beach
844,On The Town
845,Once Upon A Time In America
846,One Flew Over The Cuckoo's Nest
847,One Man's Hero
848,One Night Stand: Platinum Edition
849,One True Thing
850,Original Gangstas
851,Othello (Warner)
852,Out For Justice
853,Out Of Africa: Collector's Edition
854,Out Of Sight (DTS)
855,Out Of Sight: Collector's Edition
856,Out Of Towners
857,Outbreak
858,Outland
859,Outlaw Josey Wales
860,Outsiders
861,Overboard
862,Pacific Heights
863,Package
864,Pajama Game
865,Pale Rider
866,Palmetto
867,Pantera: 3 Vulgar Videos From Hell
868,Paper
869,Papillon
870,Parallax View
871,Parenthood
872,Passenger 57
873,Patch Adams
874,Patch Adams (DTS)
875,Patch Adams: Collector's Edition
876,Paths Of Glory
877,Patriot Games
878,Paul Simon: GraceLand: The African Concert
879,Payback
880,Pebble & The Penguin
881,Pecker: Platinum Edition
882,Pee-Wee's Big Adventure: Special Edition
883,Pelican Brief
884,Perfect Murder: Special Edition
885,Phantasm: Special Edition
886,Phantom
887,Philadelphia Story (MGM/UA)
888,Philadelphia Story (Warner)
889,Pillow Talk
890,Pink Panther
891,Pink Panther Cartoon Collection: Jet Pink
892,Pink Panther Strikes Again
893,Player: Platinum Edition
894,Players Club
895,Pleasantville: Platinum Edition
896,Point Of No Return
897,Poison Ivy
898,Poison Ivy 2: Lily
899,Poison Ivy III: The New Seduction
900,Pokemon: The First Movie: Special Edition
901,Police Academy
902,Poltergeist (MGM/UA)
903,Poltergeist (Warner)
904,Pork Chop Hill
905,Postman
906,Postman Always Rings Twice
907,Power
908,Power Of One
909,Practical Magic: Special Edition
910,Presidio
911,Presumed Innocent
912,Primal Fear
913,Primary Colors
914,Primary Colors (DTS)
915,Prince: The Hits Collection
916,Private Benjamin
917,Private Parts
918,Protocol
919,Psycho: Collector's Edition
920,Psycho: Collector's Edition (1998)
921,Pump Up The Volume
922,Pure Country
923,Purple Rain
924,Quest
925,Quest For Camelot: Special Edition
926,R.E.M. Road Movie
927,Rage: Carrie 2: Special Edition
928,Raging Bull
929,Rain Man
930,Rainmaker
931,Raising Cain
932,Real Blonde
933,Real McCoy
934,Reality Bites
935,Reap The Wild Wind
936,Rebel Without A Cause: Special Edition
937,Red Corner: Special Edition
938,Red Dawn
939,Red Hot Chili Peppers: Funky Monks
940,Red River
941,"Red Violin, The"
942,Relic
943,Retroactive
944,Revenge Of The Pink Panther
945,Richard III
946,Right Stuff
947,Risky Business
948,River
949,River Wild
950,River Wild (DTS)
951,Road Warrior
952,Rob Roy (1995)
953,Robert De Niro Collection
954,Robin Hood: Prince of Thieves
955,Rocky
956,Rocky II
957,Rocky IV
958,Rod Stewart: Storyteller 1984-1991
959,Rollerball: Special Edition
960,Rollercoaster
961,Rolling Stones: Bridges To Babylon: Live In Concert
962,Romeo And Juliet
963,Ron Howard Signature Collection
964,Ronin
965,Rooster Cogburn
966,Rosewood
967,Roustabout
968,Rugrats Movie
969,Rumble Fish
970,Rumble In The Bronx
971,"Run Silent, Run Deep"
972,Runaway Bride
973,Runaway Train
974,Running On Empty
975,Rush Hour: Platinum Edition
976,Saint: Special Edition
977,Salem's Lot
978,Scarecrow
979,Scarface: Collector's Edition
980,Scent of a Woman
981,School Ties
982,Scooby Doo's Original Mysteries
983,Scorpio
984,Scrooged
985,Sea of Love
986,Sea Wolves
987,Searchers
988,Secret Garden
989,Secret Of My Success
990,Secret Of N.I.M.H.
991,Selena
992,Set It Off
993,Seven
994,Seven Brides For Seven Brothers (MGM/UA)
995,Seven Brides For Seven Brothers (Warner)
996,Seven Days In May
997,Sgt. Bilko
998,Shadow
999,Shadow (DTS)
1000,Shaft In Africa
1001,Shaft's Big Score
1002,Shaft: Special Edition
1003,Shallow Grave (MGM/UA)
1004,Sharky's Machine
1005,Shattered Image
1006,Shawshank Redemption
1007,Shine
1008,Shining
1009,Shocker
1010,Short #1
1011,Short #2 Dreams (Discontinued)
1012,Short #2: Dreams (Remastered)
1013,Short #3: Authority
1014,Short #4: Seduction
1015,Short #6: Insantiy
1016,Short #7: Utopia
1017,Short #8: Vision
1018,Short Cinema Journal 1:1 Invention
1019,Short Cinema Journal 1:3 Authority
1020,Short Cuts: Special Edition
1021,Shot In The Dark: Pink Panther
1022,Show Boat (Warner)
1023,Showboat (MGM/UA)
1024,Showdown In Little Tokyo
1025,Showgirls
1026,Silent Fall
1027,Simple Plan
1028,Simple Wish
1029,Singin' In The Rain (MGM/UA)
1030,Singin' In The Rain (Warner)
1031,Singles
1032,Slap Shot
1033,Sleepers
1034,Sleepy Hollow
1035,Sliding Doors
1036,Smiths: The Complete Picture
1037,Smokey And The Bandit
1038,Snake Eyes
1039,Sneakers
1040,Snow Falling On Cedars: Collector's Edition
1041,Soldier
1042,Soldier's Story: Special Edition
1043,Some Like It Hot
1044,Something To Talk About
1045,Somewhere In Time
1046,Sommersby
1047,Sorcerer
1048,Sour Grapes
1049,South Central
1050,South Park #1
1051,South Park #2
1052,South Park #3
1053,South Park #4
1054,South Park #5
1055,South Park #6
1056,South Park 3-Pack #1
1057,South Park 3-Pack #2
1058,"South Park: Bigger, Longer And Uncut"
1059,Space Jam
1060,Space Jam: Special Edition
1061,Spaceballs: Special Edition
1062,Spartacus
1063,Spawn: The Movie: Platinum Edition
1064,Special Edition Gift Set
1065,Specialist
1066,Species
1067,Species 2: Special Edition
1068,Speechless
1069,Sphere: Special Edition
1070,Spies Like Us
1071,Spitfire Grill
1072,Splendor In The Grass
1073,Spy Who Loved Me
1074,Spy Who Loved Me: Special Edition
1075,Stagecoach
1076,Stalag 17
1077,Stand And Deliver
1078,Stanley Kubrick Collection
1079,Star 80
1080,Star Is Born: Special Edition
1081,Star Trek Generation Movie Collection
1082,Star Trek III: The Search For Spock
1083,Star Trek IV: The Voyage Home
1084,Star Trek V: The Final Frontier
1085,Star Trek VI: The Undiscovered Country
1086,Star Trek: First Contact
1087,Star Trek: Generations
1088,Star Trek: Insurrection
1089,"Star Trek: The Original Series, Volume 1"
1090,"Star Trek: The Original Series, Volume 10"
1091,"Star Trek: The Original Series, Volume 11"
1092,"Star Trek: The Original Series, Volume 2"
1093,"Star Trek: The Original Series, Volume 3"
1094,"Star Trek: The Original Series, Volume 4"
1095,"Star Trek: The Original Series, Volume 5"
1096,"Star Trek: The Original Series, Volume 6"
1097,"Star Trek: The Original Series, Volume 7"
1098,"Star Trek: The Original Series, Volume 8"
1099,"Star Trek: The Original Series, Volume 9"
1100,Star Trek: The Original Series; Volume 12
1101,Stargate SG-1
1102,Stay Tuned
1103,Stealing Home
1104,Steven Seagal Collection
1105,Stigmata: Special Edition
1106,Sting
1107,Storefront Hitchcock: Robyn Hitchcock
1108,Story Of Us
1109,Strangers On A Train
1110,Street Fighter: Collector's Edition
1111,Streetcar Named Desire: Director's Cut
1112,Streets Of Fire
1113,Striptease
1114,Stroker Ace
1115,Sudden Death
1116,Superstar
1117,Surviving The Game
1118,Swan Lake: Tchaikovsky: Matthew Bourne
1119,Swashbuckler
1120,Sweet Hereafter: Platinum Edition
1121,Switchback
1122,Taffin
1123,Taking Of Pelham One Two Three
1124,Talented Mr. Ripley: Special Edition
1125,Tango & Cash
1126,Tarzan And The Lost City
1127,Tea With Mussolini
1128,Teenage Mutant Ninja Turtles: The Movie
1129,Ten Commandments
1130,Tequila Sunrise
1131,That Old Feeling
1132,That's Entertainment!
1133,Theatrical Hits Gift Set
1134,Thelma & Louise: Special Edition
1135,They Were Expendable
1136,Thief: Special Edition
1137,Thin Line Between Love & Hate
1138,Thing: Collector's Edition
1139,Thomas Crown Affair: Special Edition (1968)
1140,Thomas Crown Affair: Special Edition
1141,Three Kings: Special Edition
1142,Three Tenors in Concert 1994
1143,Three Tenors: Paris 1998: Carreras/Domingo/Pavarotti
1144,Three To Tango
1145,Thumbelina
1146,Thunder Road
1147,Thunderball: Special Edition
1148,Thunderbolt And Lightfoot
1149,Time to Kill (Warner)
1150,Timecop
1151,Tin Cup
1152,Titanic
1153,To Kill a Mockingbird: Collector's Edition
1154,Tom And Jerry's Greatest Chases
1155,Tom Clancy Thrillers Gift Set
1156,Tom Cruise Action Pack Gift Set
1157,Tom Petty & The Heartbreakers: High Grass Dogs: Live
1158,Tom Sawyer (MGM/UA)
1159,Tommy Boy
1160,Tomorrow Never Dies
1161,Tomorrow Never Dies: Special Edition (Discontinued)
1162,Top Gun
1163,Total Eclipse
1164,Train: Special Edition
1165,Trekkies
1166,Tremors 2: Aftershocks
1167,Tremors: Collector's Edition
1168,Trial And Error
1169,Trick
1170,Trigger Effect
1171,True Crime (Warner)
1172,True Grit
1173,True Romance: Director's Cut
1174,True Stories: Talking Heads
1175,"Truman Show, The"
1176,Tumbleweeds
1177,Twilight
1178,Twilight Zone Volume 1
1179,Twilight Zone Volume 10
1180,Twilight Zone Volume 11
1181,Twilight Zone Volume 12
1182,Twilight Zone Volume 13
1183,Twilight Zone Volume 14
1184,Twilight Zone Volume 15
1185,Twilight Zone Volume 16
1186,Twilight Zone Volume 17
1187,Twilight Zone Volume 18
1188,Twilight Zone Volume 19
1189,Twilight Zone Volume 2
1190,Twilight Zone Volume 20
1191,Twilight Zone Volume 21
1192,Twilight Zone Volume 22
1193,Twilight Zone Volume 23
1194,Twilight Zone Volume 3
1195,Twilight Zone Volume 4
1196,Twilight Zone Volume 5
1197,Twilight Zone Volume 6
1198,Twilight Zone Volume 7
1199,Twilight Zone Volume 8
1200,Twilight Zone Volume 9
1201,Twins
1202,Twister
1203,Twister: Special Edition
1204,Two If By Sea
1205,Two Jakes
1206,Two Minute Warning
1207,U.S. Marshals: Special Edition
1208,U2: Rattle & Hum
1209,Ulee's Gold
1210,Uncle Buck
1211,Under Siege
1212,Under Siege 2: Dark Territory
1213,Underneath
1214,Unforgiven
1215,Usual Suspects
1216,"Van Halen Live: Right Here, Right Now"
1217,Van Halen: Video Hits #1
1218,Varsity Blues
1219,Vegas Vacation
1220,Vertigo: Collector's Edition
1221,Victory
1222,Videodrome
1223,Village Of The Damned
1224,Virtuosity
1225,Virus
1226,Virus: Collector's Edition
1227,Vision Quest
1228,Viva Las Vegas
1229,Wag The Dog: Platinum Edition
1230,War
1231,War Of The Worlds
1232,War Wagon
1233,WarGames: Special Edition
1234,Warriors Of Virtue
1235,Waterworld
1236,Waterworld (DTS)
1237,Wedding Singer
1238,West Side Story
1239,Westworld
1240,What Ever Happened to Baby Jane?
1241,White Sands
1242,Who's Afraid of Virginia Woolf?
1243,Why Do Fools Fall In Love
1244,Wild America
1245,Wild Bunch: Director's Cut
1246,Wild Wild West: Special Edition
1247,Willy Wonka & The Chocolate Factory
1248,Winning
1249,Witches
1250,Witches of Eastwick
1251,With Honors
1252,Without Limits
1253,Witness (Paramount)
1254,Wiz
1255,Wizard of Oz
1256,Wizard Of Oz: Deluxe Edition
1257,Wizard Of Oz: Special Edition
1258,Wolf Man: Classic Monster Collection
1259,Woman of The Year
1260,Wood
1261,Woodstock: Three Days Of Peace & Music: The Director's Cut
1262,World Is Not Enough: Special Edition
1263,Wrongfully Accused
1264,Xanadu
1265,Yellow Submarine: Special Edition
1266,You've Got Mail
1267,Young Cinematographer
1268,Young Guns 2
1269,Young Hercules
1270,Zero Effect
1271,"Hurricane, The:Special Edition"
1272,Isn't She Great
1273,Ride with the Devil
1274,Arsenic And Old Lace
1275,Bronco Billy
1276,National Velvet
1277,North by Northwest: Special Edition
1278,Trial  by Jury
1279,Diabolique
1280,Henry V
1281,Interiors
1282,Love And Death
1283,Manhattan
1284,Princess Bride
1285,Sleeper
1286,Stardust Memories
1287,Woody Allen Collection
1288,Star Trek II: The Wrath of Khan
1289,My Dog Skip: Special Edition
1290,Angela's Ashes
1291,Beethoven's 3rd
1292,Boogie Nights: Platinum Edition (2 Disc Set)
1293,Active Stealth: Special Edition
1294,Magnolia: Platinum Edition
1295,Searching For Bobby Fischer
1296,Star Trek #13
1297,Star Trek #14
1298,Where's Marlowe
1299,Kalifornia: Special Edition (Re-release)
1300,Platoon (Movie-Only Edition)
1301,Fargo
1302,Metallica: With The San Francisco Symphony: S & M (Clean Version)
1303,Nashville (Special Edition)
1304,Braveheart (Special Edition)
1305,Whole Nine Yards (Special Edition)
1306,Boiler Room
1307,Big Tease
1308,K.D. Lang: Harvest Of Seven Years: Cropped And Chronicled
1309,Misery
1310,Phantasm 4: Oblivion
1311,Pumpkinhead
1312,Six Degrees Of Separation
1313,Stonebrook
1314,Swamp Thing
1315,Texas Chainsaw Massacre 2
1316,They Were Expendable
1317,Pretty Maids All In a Row
1318,Deterrence: Special Edition
1319,Abbott And Costello Meet Frankenstein: Classic Monster Collection
1320,Creature From The Black Lagoon: Classic Monster Collection
1321,Invisible Man: Classic Monster Collection
1322,Phantom Of The Opera (Special Edition/ 1943)
1323,Classic Monsters Collection (Special Edition)
1324,Playboy Wet And Wild #9: Slippery When Wet
1325,Tycus (Special Edition)
1326,Adam's Rib
1327,Dark Victory
1328,Jezebel
1329,Next Best Thing
1330,Jurassic Park (Special Edition)
1331,Lost World: Jurassic Park (Special Edition/ Dolby Digital)
1332,Twin Peaks: Fire Walk with Me
1333,3 Strikes
1334,Amityville Horror
1335,Beach Party
1336,Bikini Beach
1337,Bucket Of Blood
1338,Delta Force
1339,Delta Force 2
1340,Dillinger
1341,Frogs
1342,Heavy Traffic
1343,Jurassic Park (Special Edition)
1344,Jurassic Park Collection (Limited Special Edition)
1345,Jurassic Park Collection (Special Edition)
1346,Lost World: Jurassic Park (Special Edition)
1347,Pajama Party
1348,Stranger Than Paradise
1349,Supernova
1350,Tales Of Terror
1351,This Is Spinal Tap (Special Edition)
1352,American Psycho (Unrated)
1353,Afrocentricity
1354,42nd Street
1355,Good News
1356,Take Me Out To The Ball Game
1357,50 Years War: Israel And The Arabs
1358,Butterfield 8
1359,Christmas Carol
1360,Pat And Mike
1361,Unsinkable Molly Brown
1362,Erin Brockovich
1363,"Naked Gun, The: From the Files of Police Squad"
1364,Naked Gun 2 1/2: The Smell of Fear
1365,Naked Gun 33 1/3: The Final Insult
1366,Shane (Special Edition)
1367,American Psycho (R-Rated)
1368,Romeo Must Die
1369,Beyond The Mat: Collector's Edition (Unrated Version)
1370,Big Kahuna
1371,Dragonheart: A New Beginning
1372,7 Faces Of Dr. Lao
1373,Bad Moon
1374,Batman Beyond: Return Of The Joker
1375,Scooby Doo And The Alien Invaders
1376,Tom Thumb (Special Edition)
1377,Playboy: Sexy Girls Next Door
1378,Adventures of the Wilderness Family
1379,Angel
1380,New Barbarians
1381,Proud And The Damned
1382,Trial By Jury
1383,American Beauty (Special Edition)
1384,Elvis '68 Comeback Special
1385,Elvis: One Night With You
1386,"Charlie Brown Christmas/ It's Christmastime Again, Charlie Brown"
1387,Charlie Brown Thanksgiving/ The Mayflower Voyages
1388,"It's The Great Pumpkin, Charlie Brown/ You're Not Elected, Charlie Brown"
1389,Peanuts Classic Holiday Collection
1390,How The West Was Won
1391,Year Of Living Dangerously
1392,Enter The Dragon: Collector's Edition
1393,Ministry: Tapes Of Wrath
1394,Rosemary's Baby
1395,Dead Zone
1396,Pet Sematary
1397,Diamonds Are Forever: Special Edition
1398,From Russia With Love (Special Edition)
1399,Living Daylights (Special Edition)
1400,Never Say Never Again
1401,Octopussy (Special Edition)
1402,View To A Kill: Special Edition
1403,You Only Live Twice (Special Edition)
1404,James Bond Collection #3 (Special Edition)
1405,Final Destination: Platinum Edition
1406,Any Given Sunday
1407,Elvis: That's The Way It Is
1408,Treasures Of The Twilight Zone
1409,2010 (a.k.a. Two Thousand And Ten)
1410,Beyond The Mat (Special Edition/ R Rated Version)
1411,Brainstorm
1412,Logan's Run: Special Edition
1413,Westworld
1414,Jurassic Park (Special Edition/ Pan & Scan/ Dolby Digital)
1415,Circuit #7
1416,Jurassic Park Collection (Special Edition/ Pan & Scan)
1417,Lost World: Jurassic Park (Special Edition/ Pan & Scan/ Dolby Digital)
1418,Rules Of Engagement (Special Edition)
1419,La Femme Nikita
1420,Gladiator
1421,Passion Of Mind
1422,Playboy Centerfold: Jodi Ann Paterson: 2000 Playmate Of The Year
1423,Playboy Girls Of Hedonism
1424,Playboy Lusty Latin Ladies
1425,Playboy No Boys Allowed
1426,RPM (Special Edition)
1427,Star Trek TV #15: Operation Annihilate!/ Catspaw
1428,Star Trek TV #16: Metamorphosis/ Friday's Child
1429,Annie Get Your Gun (Special Edition)
1430,Casper's Haunted Christmas
1431,Chasers
1432,Friday The 13th: Part 3
1433,Friday The 13th: The Final Chapter
1434,Friendly Persuasion
1435,Gettysburg: Special Edition
1436,How The Grinch Stole Christmas / Horton Hears A Who (Special Edition)
1437,Imaginary Crimes
1438,Nutty Professor (1963)
1439,R.E.M.: Parallel
1440,R.E.M.: Pop Screen
1441,R.E.M.: This Film Is On
1442,R.E.M.: Tourfilm
1443,Somewhere In Time: 20th Anniversary Edition
1444,South Park: Christmas In South Park
1445,South Park: The Chef Experience
1446,Touch Of Evil
1447,Year Without A Santa Claus
1448,Ready To Rumble: Special Edition
1449,Simpatico
1450,Snow Day (Special Edition)
1451,Friday Fresh Pack: Friday/ Next Friday (Special Edition)
1452,Madonna: Music
1453,Powers Pack: Austin Powers (Special Edition)/ Spy Who Shagged Me (Special Edition)
1454,Benny And Joon: Special Edition
1455,Jean Claud Van Damme 2-Pack
1456,Love And Basketball: Platinum Edition
1457,Skulls (Special Edition)
1458,U-571 (Special Edition)
1459,Kevin Costner 2-Pack
1460,Cats
1461,Return To Me
1462,Al Pacino Collection: Devil's Advocate/ Dog Day Afternoon/ Heat
1463,Batman Legacy: Batman/ Batman Returns/ Batman Forever/ Batman And Robin
1464,Extreme Chan Action Pack: First Strike/ Mr. Nice Guy/ Rumble In The Bronx
1465,Grumpy Old Men / Grumpier Old Men
1466,House Party Party Pack: House Party 1-3
1467,Humphrey Bogart Collection
1468,John Wayne Collection: The Cowboys / The Searchers/ Stagecoach
1469,Lethal Weapon Legacy #1-3 (Director's Cut)
1470,Robert De Niro 2-Pack
1471,Filth And The Fury: The Sex Pistols
1472,X-Men Animated Series: Phoenix Saga
1473,Talk Radio
1474,Deal Of A Lifetime
1475,Flintstones: Viva Rock Vegas
1476,Playboy 2001 Playmate Calendar
1477,Playboy Best Of College Girls
1478,Playboy Sex Court
1479,Playboy Shagalicious British Babes
1480,Powerpuff Girls: Down And Dirty
1481,Powerpuff Girls: Powerpuff Bluff
1482,Short: International Release
1483,Frequency
1484,Gossip
1485,Luciano Pavarotti: The Recital
1486,Airplane!
1487,Airplane 2: The Sequel
1488,Bounty
1489,Class
1490,Code Of Silence
1491,Escape From New York
1492,Malice
1493,Submerged
1494,Tucker: The Man And His Dream
1495,Star Trek TV #17: Who Mourns For Adonis/ Amok Time
1496,Star Trek TV #18: The Doomsday Machine/ Wolf In The Fold
1497,Nightmare On Elm Street 2: Freddy's Revenge
1498,Nightmare On Elm Street 3: Dream Warriors
1499,Nightmare On Elm Street 4: The Dream Maker
1500,Nightmare On Elm Street 5: The Dream Child
1501,Freddy's Dead: The Final Nightmare
1502,Wes Craven's New Nightmare
1503,Bananas
1504,Best Years Of Our Lives (MGM/UA)
1505,Blue's Big Musical Movie: Blue's Clues
1506,Boiler Room: Platinum Edition
1507,Clint Eastwood Collection Gift Set
1508,Democrats: The American Experience Presidents Collection
1509,Easy Money (MGM/UA)
1510,Everything You Always Wanted To Know About Sex But Were Afraid To Ask
1511,"It's The Pied Piper, Charlie Brown"
1512,Lethal Weapon 4: Premiere Collection
1513,Liberty Heights
1514,Life Beyond Earth
1515,Republicans: The American Experience Presidents Collection
1516,Short #9: Trust
1517,Big Sleep (Warner)
1518,But I'm A Cheerleader
1519,Flinstones: Viva Rock Vegas
1520,Jailhouse Rock (Warner)
1521,Jurassic Park Collection: Collector's Edition
1522,Jurassic Park Collection: Limited Collector's Edition
1523,Jurassic Park: Lost World: Collector's Edition (DTS)
1524,Land Before Time 7: The Stone Of Cold Fire
1525,8 1/2 Women
1526,How The West Was Won (Discontinued)
1527,Jurassic Park: Lost World: Collector's Edition
1528,Playboy: Sex Court
1529,Screwed
1530,Billy Jack (Warner)
1531,Born On The Fourth Of July: Collector's Edition
1532,Stephen Hawking's Universe
1533,Strangers On A Train (Remastered Version)
1534,Playboy: Best Of College Girls
1535,U-571: Collector's Edition
1536,Pitch Black: Collector's Edition (R Rated Version)
1537,Playboy: 2001 Playmate Calendar
1538,Playboy: Shagalicious British Babes
1539,Skulls: Collector's Edition
1540,Crush (Warner)
1541,Elvis: That's The Way It Is (Discontinued)
1542,Pitch Black: Collector's Edition (Unrated Version)
1543,Year Of Living Dangerously (Discontinued)
1544,Mission Impossible 2: Special Edition
1545,American Pimp (MGM/UA)
1546,"Star Trek: The Original Series, Volume 17"
1547,"Star Trek: The Original Series, Volume 18"
1548,"Planes, Trains And Automobiles"
1549,She's Having A Baby
1550,Still Smokin'
1551,Up In Smoke
1552,White Christmas (Special Edition)
1553,White Christmas: Special Edition
1554,Jim Carrey 2-Pack
1555,Perfect Storm: Special Edition
1556,Perfect Storm: Autographed Collector's Edition
1557,Perfect Storm: Collector's Edition
1558,Perfect Storm: Platinum Mini-Box Collector's Edition
1559,League Of Gentlemen: Series #1: Special Edition
1560,Running Mates
1561,Short #10: Chaos
1562,Luis Miguel: Vivo
1563,Morrissey: Oye Esteban!
1564,Legend: Special Edition
1565,Pokemon: The Movie 2000
1566,Alamo
1567,At Close Range
1568,Attention Shoppers
1569,Bat 21
1570,Breaker! Breaker!
1571,Breakheart Pass
1572,Dirty Pictures
1573,Gorky Park
1574,House Of Games
1575,Kill Me Again
1576,Mouse On The Moon
1577,Rancho Deluxe
1578,Sid And Nancy (Movie-Only Edition)
1579,Price Of Glory: Special Edition
1580,Beethoven: Symphony 4 & 5: Daniel Barenboim (DVD-Audio)
1581,Hommage A L'Orchestre Lamoureux: Yutaka Sado (DVD-Audio)
1582,Jazz At The Movies: The Bedroom Mixes (DVD-Audio)
1583,Natalie Merchant: Tigerlily (DVD-Audio)
1584,Strauss: Johann Strauss In Berlin: Nikolaus Harnoncourt (DVD-Audio)
1585,In Crowd: Special Edition
1586,Stone Temple Pilots: Core (DVD-Audio)
1587,Eddie Murphy Collection: Bowfinger/ Life/ The Nutty Professor 1 & 2
1588,Nutty Professor 2: The Klumps: Special Edition
1589,Short: International Release #2
1590,Jaws (Special Edition/ Pan & Scan/ Dolby Digital)
1591,Our Lips Are Sealed
1592,National Geographic: The Ultimate National Geographic Collection
1593,Brandy: The Videos
1594,Corrs: Live At The Royal Albert Hall
1595,Hootie And The Blowfish: Summer Camp With Trucks
1596,"Sugar Ray: No Cerveza, No Trabaja"
1597,Survivor: Season #1: The Greatest And Most Outrageous Moments
1598,Tori Amos: The Complete Videos 1992-1998
1599,Cutting Edge
1600,In The Heat Of The Night: Special Edition
1601,Love Field
1602,Man In The Moon
1603,Moll Flanders
1604,Mystic Pizza
1605,Organization
1606,They Call Me Mister Tibbs
1607,Untamed Heart
1608,When Harry Met Sally: Special Edition
1609,Wonder Boys: Special Edition
1610,Alice's Restaurant: Special Edition
1611,Black Caesar: Special Edition
1612,"Black Mama, White Mama"
1613,Coffy: Special Edition
1614,Cotton Comes To Harlem
1615,Dance With A Stranger
1616,Desert Hearts: Special Edition
1617,Foxy Brown: Special Edition
1618,Friday Foster
1619,I'm Gonna Git You Sucka
1620,River's Edge
1621,Sheba Baby
1622,Shaft (2000)
1623,Children of a Lesser God
1624,Conversation: Special Edition
1625,Odd Couple
1626,Officer and a Gentleman: Special Edition
1627,9 1/2 Weeks
1628,Pop And Me: Special Edition
1629,Virgin Suicides
1630,Body Shots
1631,Replacements: Special Edition
1632,Slaughter
1633,Slaughter's Big Rip-Off
1634,Truck Turner
1635,American Buffalo
1636,Babette's Feast
1637,Bride Wore Black
1638,Camille Claudel
1639,I Shot Andy Warhol
1640,Jean De Florette
1641,Longtime Companion
1642,Man Who Loved Women
1643,Manon Of The Spring
1644,Mississippi Mermaid
1645,Small Change
1646,Story Of Adele H.
1647,Suture
1648,Cell: Special Edition
1649,Saving Grace
1650,Art of War
1651,Seven: Platinum Edition
1652,Autumn In New York
1653,Baller Blockin
1654,Bring It On: Special Edition
1655,MVP: Most Valuable Primate: Special Edition
1656,Time Machine (DVD Only)
1657,Moonlight And Valentino
1658,Mermaids
1659,Baby Boom
1660,Adventures Of Rocky And Bullwinkle
1661,Bird
1662,Circuit #8
1663,Cotton Mary
1664,Eyes Of Tammy Faye
1665,Jazz
1666,Jesus' Son
1667,Playboy California Girls
1668,Playboy Sexy Shorts
1669,Race Against Time
1670,Round Midnight: Special Edition
1671,Saving Grace: Special Edition
1672,Starry Night
1673,"Thelonius Monk: Straight, No Chaser"
1674,Crime And Punishment In Suburbia: Special Edition
1675,Mr. Accident
1676,Beethoven: Symphony 1 & 2: Daniel Barenboim (DVD-Audio)
1677,Beethoven: Symphony 3: Daniel Barenboim (DVD-Audio)
1678,Beethoven: Symphony 6: Pastorale: Daniel Barenboim (DVD-Audio)
1679,Beethoven: Symphony 7 & 8: Daniel Barenboim (DVD-Audio)
1680,Beethoven: Symphony 9: Daniel Barenboim (DVD-Audio)
1681,Bela Fleck: The Bluegrass Sessions: Acoustic Planet #2 (DVD-Audio)
1682,Buena Vista Social Club: Buena Vista Social Club (DVD-Audio)
1683,Neil Young: Road Rock #1 (DVD-Audio)
1684,Steely Dan: Two Against Nature (DVD-Audio)
1685,Corrs: In Blue (DVD-Audio)
1686,Deep Purple: Machine Head (DVD-Audio)
1687,Doors: L.A. Woman (DVD-Audio)
1688,Firesign Theatre: Boom Dot Bust (DVD-Audio)
1689,K.D. Lang: Invincible Summer (DVD-Audio)
1690,Neil Young: Red Rocks Live
1691,"Untouchables, The"
1692,Death Wish
1693,Abominable Dr. Phibes
1694,Attack Of The Puppet People
1695,Blue Sky
1696,Cherry 2000
1697,City Of Industry
1698,Deadline
1699,Die Monster Die!
1700,Double Impact
1701,Dr. Phibes Rises Again
1702,Emerald Forest
1703,End
1704,Exorcist: The Version You've Never Seen: Special Edition
1705,Fatal Beauty
1706,Fuzz
1707,Harley Davidson And The Marlboro Man
1708,JFK: Special Edition
1709,Losin' It
1710,Man From Planet X
1711,Mighty Quinn
1712,Friends: The Best Of Friends #1
1713,Friends: The Best Of Friends #2
1714,Friends: The Best Of Friends Gift Set #1 & 2: Top 10 Episodes
1715,Greeks: Crucible Of Civilization: Special Edition
1716,Juice
1717,Kiss Me Guido: Special Edition
1718,Longest Yard
1719,Navy Seals
1720,Necessary Roughness
1721,North Dallas Forty
1722,Wild Angels
1723,Heaven And Earth: Special Edition
1724,Natural Born Killers (Theatrical Version/ Special Edition)
1725,Warriors
1726,Playboy Really Naked Truth
1727,Playboy Strip Search: Backstage
1728,Being There
1729,Affair Of Love
1730,Five Senses
1731,Harvey
1732,Fantasticks: Special Edition
1733,In Pursuit: Special Edition
1734,Kings And Queens Of Comedy Gift Set
1735,Original Kings Of Comedy
1736,Queens Of Comedy
1737,Ben Hur
1738,Man Who Knew Too Much (1956)
1739,Mother (1996)
1740,Ordinary People
1741,Real Life
1742,Rear Window: Special Edition
1743,Rope
1744,Saboteur
1745,Shadow Of A Doubt
1746,Star Trek TV #19: The Changeling/ The Apple
1747,Star Trek TV #20: Mirror Mirror/ The Deadly Years
1748,Terms Of Endearment: Special Edition
1749,Topaz
1750,Torn Curtain
1751,Trouble With Harry
1752,Nuremberg (Discontinued)
1753,Playboy Complete Anna Nicole Smith
1754,Playboy Girls Down Under: Surviving The Australian Outback
1755,Porky's/ Porky's 2: The Next Day
1756,Bait: Special Edition
1757,Battlefield Earth: Special Edition
1758,12 Angry Men
1759,Short: International Release #3
1760,Reversal Of Fortune: Special Edition
1761,Defending Your Life
1762,Empire Records
1763,Lost Weekend
1764,Red Letters: Special Edition
1765,Short #11: Ecstasy
1766,Luis Miguel: Vivo Gift Set (Limited Edition DVD & CD)
1767,Oliver Stone Collection 6-Pack: Special Edition
1768,Alfie
1769,Best Of Hitchcock #1
1770,Best Of Hitchcock #2
1771,Bless The Child: Special Edition
1772,Evening Star: Special Edition
1773,Family Plot
1774,Frenzy
1775,Hitchcock Collection #2: Rear Window/ Man Who Knew Too Much (1956)/ Presents #4
1776,Joni Mitchell: Both Sides Now (DVD-Audio)
1777,Jose Cura: Verismo (DVD-Audio)
1778,Lost In America
1779,Mahler: Symphony 2: Zubin Mehta (DVD-Audio)
1780,Martin Lawrence: You So Crazy
1781,Orff: Carmina Burana: Zubin Mehta (DVD-Audio)
1782,Playboy Girls Of The Hard Rock Hotel And Casino
1783,Powerpuff Girls: The Mane Event (Special Edition)
1784,Take 6: Take 6 (DVD-Audio)
1785,Absolutely Fabulous: Complete DVD Collection
1786,Absolutely Fabulous: Series #1
1787,Absolutely Fabulous: Series #2
1788,Absolutely Fabulous: Series #3
1789,World According To Garp
1790,All Dogs Go To Heaven
1791,All Dogs Go To Heaven 2
1792,Big Country
1793,Birdman Of Alcatraz
1794,Bishop's Wife
1795,Elmer Gantry
1796,Fluke
1797,Fortune Cookie
1798,Getting Even With Dad
1799,Greatest Story Ever Told: Special Edition
1800,Hallelujah Trail
1801,Hans Christian Andersen
1802,Jackie Robinson Story
1803,Lilies Of The Field
1804,Lion In Winter
1805,Long Riders
1806,Meet The Parents
1807,Miracle Worker
1808,Napoleon
1809,Secret Of N.I.M.H. 2: Timmy To The Rescue
1810,Support Your Local Gunfighter
1811,Support Your Local Sheriff
1812,Vera Cruz
1813,Wild Bill
1814,"Yours, Mine And Ours"
1815,Tic Code
1816,Watcher
1817,Wonderland
1818,Tomorrow Never Dies: Collector's Edition
1819,Oliver Stone Collection 10-Pack: Special Edition
1820,Get Carter: Special Edition
1821,Lost Souls: Special Edition
1822,Madonna: The Immaculate Collection
1823,Madonna: The Video Collection 93:99
1824,B.B. King: Blues Summit
1825,Lucky Numbers: Special Edition
1826,Mo' Better Blues
1827,Playboy Red Hot Redheads
1828,Roadshow: Misty Rain
1829,Spike Lee Collection: Crooklyn/ Jungle Fever/ Mo' Better Blues
1830,Jesus Christ Superstar (2000)
1831,Little Vampire
1832,Old Man And The Sea
1833,Scooby Doo And The Witch's Ghost
1834,Scooby Doo On Zombie Island
1835,Adjuster
1836,Boxing Helena
1837,Fellini Satyricon
1838,Fellini's Roma
1839,How I Won The War
1840,King Of Heart
1841,Live Flesh
1842,Mach 2: Special Edition
1843,Playboy Best Of Pamela Anderson (Universal)
1844,Playboy Girlfriends #1 (Universal)
1845,Playboy Girlfriends #2 (Universal)
1846,Playboy Real Couples: Sex In Dangerous Places (Universal)
1847,Rocky: Special Edition
1848,Rocky Gift Set: Rocky 1-5
1849,Tank Girl
1850,Women On The Verge Of A Nervous Breakdown
1851,Tom Petty: Playback
1852,Dancer In The Dark
1853,Red Planet
1854,Bix Beiderbeck: Ain't None Of Them Play Like Him Yet
1855,Election 2000: CNN
1856,Playboy 2000 Playmate Calendar
1857,Playboy Asian Exotica
1858,Hendrix
1859,Playboy Best Of Jenny McCarthy
1860,Playboy Freshman Class
1861,Amos And Andrew
1862,Apache
1863,Blame It On Rio
1864,Bon Jovi: The Crush Tour
1865,"Buffalo Bill And The Indians, Or Sitting Bull's History Lesson"
1866,Canadian Bacon
1867,City Slickers
1868,Coneheads
1869,Eight Men Out
1870,Family Thing
1871,Frankie And Johnny
1872,Ghost (Special Edition)
1873,Home Of Our Own
1874,Horse Soldiers
1875,Kentuckian
1876,Ladies Man
1877,Love Story (Special Edition)
1878,Magnificent Seven (Special Edition)
1879,Mean Season
1880,Mississippi Burning (Special Edition)
1881,Paul Simon: You're The One: In Concert From Paris
1882,Pope Of Greenwich Village
1883,Posse
1884,Return Of The Magnificent Seven
1885,Rugrats In Paris: The Movie
1886,Semi-Tough
1887,Shag: The Movie
1888,Some Like It Hot (Movie-Only Edition)
1889,Some Like It Hot (Special Edition)
1890,Southern Comfort
1891,"Star Trek TV #21: I, Mudd/ The Trouble With Tribbles"
1892,Star Trek TV #22: Bread And Circuses/ Journey To Babel
1893,Stargate SG-1: Season #1
1894,Stuart Saves His Family
1895,Summer Rental
1896,Throw Momma From The Train
1897,Turn It Up
1898,Westerner
1899,Winter People
1900,Youngblood
1901,Bamboozled (Special Edition)
1902,Blackadder #1
1903,Blackadder #2
1904,Blackadder #3: Blackadder The Third
1905,Blackadder #4: Blackadder Goes Forth
1906,Blackadder #5: Blackadder Back And Forth
1907,Blackadder: The Complete Collector's Set
1908,Complete Superman Collection
1909,Father Ted: The Compete Series #1
1910,Little Nicky (Special Edition)
1911,Loving Jezebel
1912,Mummy: The Ultimate Edition (Special Edition/ 1999)
1913,Rio Bravo
1914,Superman 2
1915,Superman 3
1916,Superman 4: The Quest For Peace
1917,Superman: The Movie (Special Edition)
1918,Stargate SG-1 #2
1919,Return With Honor
1920,Allosaurus: A Walking With Dinosaurs Special
1921,Foreigner: Foreigner (DVD-Audio)
1922,Metallica: Metallica (DVD-Audio)
1923,Olu Dara: Neighborhoods (DVD-Audio)
1924,Playboy Celebrities
1925,Playboy Club Lingerie
1926,Playboy Playmates On The Catwalk
1927,Playboy Sexcetera
1928,Playboy Tales Of Erotic Fantasies
1929,Playboy Voluptuous Vixens #1
1930,Wives And Daughters
1931,Funny Face
1932,Paris When It Sizzles
1933,Sabrina
1934,Miss Congeniality (Special Edition)
1935,Space Cowboys
1936,Circuit #9
1937,Playboy Centerfold: Bernaola Twins: 2000 Playmate Of The Year
1938,Playboy Girls Next Door: Naughty And Nice
1939,Playboy Playmate Erotic Adventures
1940,Secrets Of Magic: Lance Burton
1941,AC/DC: No Bull
1942,Alice Cooper: Billion Dollar Babies (DVD-Audio)
1943,American Pie (Special Edition/ Unrated Version)/ Half Baked
1944,Babe (Dolby Digital)/ Babe: Pig In The City
1945,Liar Liar (Special Edition/ Dolby Digital)/ Ed-TV (Special Edition/ Dolby Digital)
1946,End Of Days/ Virus (Special Edition/ Dolby Digital)
1947,Erin Brockovich/ Primary Colors
1948,Playboy Playmates Bustin' Out
1949,Deep Core
1950,Mommie Dearest
1951,Place In The Sun (Special Edition)
1952,Pledge
1953,Proof Of Life (Special Edition)
1954,Star Trek TV #27: The Ultimate Computer/ The Omega Glory
1955,Star Trek TV #28: Assignment Earth/ Spectre Of The Gun
1956,State And Main (Special Edition)
1957,Austin Blues #1: Song Xpress
1958,Bach: Organ Spectacular: Ton Koopman (DVD-Audio)
1959,Classic Blues #1: Song Xpress
1960,Classic Rock #3: Song Xpress
1961,Classic Surf #1: Song Xpress
1962,Dvorak: Symphony 9: From The New World: Harnoncourt (DVD-Audio)
1963,Fourplay: Fourplay (DVD-Audio)
1964,Luis Miguel: Romances (DVD-Audio)
1965,"Missy ""Misdemeanor"" Elliott: Hits Of Miss E: The Videos #1"
1966,Modern Rock #1: Song Xpress
1967,Party Tunes #1: Song Xpress
1968,Down To Earth
1969,Gift
1970,Wayne's World (Special Edition)
1971,Wayne's World 1 & 2: The Complete Epic (Special Edition)
1972,Wayne's World 2 (Special Edition)
1973,Any Given Sunday (Special Edition)
1974,Mishima: A Life In Four Chapters
1975,Sugar And Spice
1976,Thirteen Days (Special Edition)
1977,Get Carter: Special Edition
1978,Caveman's Valentine
1979,Family Man (Special Edition)
1980,Goonies (Special Edition)
1981,Head Over Heels
1982,Meet Joe Black: The Ultimate Edition (Special Edition)
1983,Notting Hill: The Ultimate Edition (Special Edition)
1984,Patch Adams: The Ultimate Edition (Special Edition)
1985,Scooby Doo's Spookiest Tales
1986,Playboy American Beauties: Sexy Girls Next Door
1987,T-Rex: Back To The Cretaceous: IMAX
1988,Hatari!
1989,Nightbreed
1990,Paint Your Wagon
1991,Shootist
1992,Audrey Rose
1993,Beast Within
1994,Blow Out
1995,Breeders
1996,Candyman 2: Farewell To The Flesh
1997,Carrie (Special Edition)
1998,"Count Yorga, Vampire"
1999,Crossfire Trail
2000,Dressed To Kill (Special Edition)
2001,Dunwich Horror
2002,First Power
2003,Haunted Honeymoon
2004,Howling
2005,Invaders From Mars (1986)
2006,Island Of Dr. Moreau (1977)
2007,It! The Terror From Beyond Space
2008,Killer Klowns From Outer Space (Special Edition)
2009,Mars Needs Women
2010,Monster That Challenged The World
2011,Planet Of The Vampires
2012,Reptilicus
2013,Scanners
2014,Sweet November
2015,Theatre Of Blood
2016,Valentine (Special Edition)
2017,Twice Told Tales
2018,Things You Can Tell Just By Looking At Her
2019,Gremlins
2020,John Waters Collection #1: Hairspray/ Pecker (Special Edition)
2021,Forrest Gump (Special Edition)
2022,Nuremberg
2023,Air Rage (Special Edition)
2024,Alice Cooper: Welcome To My Nightmare (DVD-Audio)
2025,Funeral In Berlin
2026,Hitters On Hitting: Finding The Sweet Spot: Major League Baseball
2027,Hunter
2028,Mahler: Symphony 3 In D Minor: Kent Nagano
2029,Star Trek TV #29: Elaan Of Troyius/ The Paradise Syndrome
2030,Star Trek TV #30: The Enterprise Incident/ And The Children Shall Lead
2031,Hannibal (Special Edition)
2032,Silence Of The Lambs (Special Edition/ Pan & Scan)
2033,Silence Of The Lambs (Special Edition/ Widescreen)
2034,Human Face
2035,Elizabeth R
2036,Fawlty Towers #1
2037,Fawlty Towers #2
2038,Fawlty Towers #3
2039,Fawlty Towers: The Complete Collection
2040,Robbie The Reindeer
2041,Teletubbies: Baby Animals
2042,Waiting For Guffman (Special Edition)
2043,Incredible Adventures Of Wallace And Gromit
2044,Abbott And Costello Meet The Mummy
2045,Classic Monsters: The Definitive Collection 3-Pack (Special Edition)
2046,Dracula's Daughter/ Son Of Dracula
2047,Frankenstein Meets The Wolf Man/ House Of Frankenstein
2048,Mummy's Ghost/ The Mummy's Curse
2049,Mummy's Hand/ The Mummy's Tomb
2050,Son Of Frankenstein/ Ghost Of Frankenstein
2051,Werewolf Of London/ She-Wolf Of London
2052,Tremors (Special Edition)/ Tremors 2: Aftershocks
2053,Underneath/ Village Of The Damned
2054,American Werewolf In London (Special Edition)
2055,Blood Simple
2056,Bride Of Chucky/ Child's Play 2: Chucky's Back
2057,Cape Fear (Special Edition/ 1962)
2058,Cape Fear (Special Edition/ 1991)
2059,Darkman/ Darkman 2: The Return Of Durant
2060,FlixMix: Boogeymen
2061,Halloween 2
2062,Play Misty For Me
2063,15 Minutes (Special Edition)
2064,3000 Miles To Graceland
2065,American Pie: The Ultimate Edition (R Rated Version/ Special Edition)
2066,American Pie: The Ultimate Edition (Unrated Version/ Special Edition)
2067,Enemy At The Gates
2068,House Party 4: Down To The Last Minute
2069,Never Ending Story
2070,Never Ending Story 2
2071,See Spot Run (Special Edition)
2072,Willy Wonka And The Chocolate Factory (Special Edition)
2073,Along Came Jones
2074,Eddie And The Cruisers
2075,French Lieutenant's Woman
2076,Home For The Holidays (Special Edition)
2077,How The Grinch Stole Christmas (Limited Special Edition/ 2000)
2078,How The Grinch Stole Christmas (Pan & Scan/ Special Edition/ 2000)
2079,How The Grinch Stole Christmas (Widescreen/ Special Edition/ 2000)
2080,Little Man Tate (Special Edition)
2081,Princess Bride (Special Edition)
2082,Return Of A Man Called Horse
2083,Under Fire
2084,Valdez Is Coming
2085,Woman In Red
2086,Chato's Land
2087,Comes A Horseman
2088,Godfather DVD Collection (Special Edition)
2089,Hole In The Head
2090,Irma La Douce
2091,It's A Mad Mad Mad Mad World (Special Edition)
2092,King Solomon's Mines
2093,Lawman
2094,Little Foxes
2095,Pocketful Of Miracles
2096,Quigley Down Under
2097,Sayonara
2098,Josie And The Pussycats (Special Edition)
2099,CItizen Kane
2100,Terminator
2101,Fiddler on the Roof (Special Edition)
2102,Blow (Special Edition)
2103,Company Man
2104,Daybreak (Special Edition)
2105,Marathon Man
2106,Star Trek TV #31: Spock's Brain/ Is There In Truth No Beauty?
2107,Star Trek TV #32: The Empath/ The Tholian Web
2108,Dish
2109,Driven (Special Edition)
2110,Exit Wounds
2111,Pokemon 3: The Movie
2112,A.I.: Artificial Intelligence: The Soundtrack (DVD-Audio)
2113,"Missy ""Misdemeanor"" Elliott: Miss E: So Addictive (DVD-Audio)"
2114,Philip Glass: Koyaanisqatsi (DVD-Audio)
2115,Mummy Returns (Special Edition/ Pan & Scan)
2116,Mummy Returns (Special Edition/ Widescreen)
2117,A*Teens: Bouncing Off The Ceiling/ Mamma Mia DVD Single
2118,Arabella: Strauss: Metropolitan Opera
2119,BBMak: Sooner And Later: Our First Year In America
2120,Blink 182: Man Overboard/ Adam's Song DVD Single
2121,Caetano Veloso: Prenda Minha
2122,Carmen: Bizet: James Levine: Metropolitan Opera
2123,Der Rosenkavalier: Strauss: Carlos Kleiber: Vienna Opera
2124,Die Fledermaus: Strauss: Carlos Kleiber: Bavarian State Opera
2125,Die Walkure: Wagner: James Levine: Metropolitan Opera
2126,Die Zauberflote: Mozart: James Levine: Metropolitan Opera
2127,Eminem: E
2128,Essential Ballet
2129,Fires Of Kuwait: IMAX
2130,Frank Lloyd Wright
2131,Freddie Mercury: The Video Collection
2132,Giselle: American Ballet Theatre
2133,Hanson: At The Fillmore
2134,Il Trovatore: Verdi: James Levine: Metropolitan Opera
2135,Insane Clown Posse: Big Money Hustla$
2136,Jay-Z: The Making Of Guilty Until Proven Innocent DVD Single
2137,Lewis And Clark: The Journey Of The Corps Of Discovery (Special Edition)
2138,Thomas Jefferson
2139,K-Ci And Jojo: All My Life/ Wanna Do You Right DVD Single
2140,La Traviata: Verdi: Georg Solti: Royal Opera
2141,"Motley Crue: Lewd, Crued And Tattooed"
2142,Nutcracker: Tchaikovsky: Kirov Ballet
2143,Otello: Verdi: Herbert Von Karajan
2144,Patti Labelle: Live! One Night Only
2145,Rammstein: Live Aus Berlin
2146,Rigoletto: Verdi: Riccardo Chailly
2147,Santana: Sacred Fire: Live In Mexico
2148,Doctor Who: Spearhead From Space (Special Edition)
2149,Doctor Who: The Five Doctors (Special Edition)
2150,Survivor: Australian Outback: Season #2: Greatest And Most Outrageous Moments
2151,Charlotte's Web (Pan & Scan)
2152,Crocodile Dundee
2153,Hobbit
2154,Let It Ride
2155,Lord Of The Rings
2156,Mission Impossible/ Mission Impossible 2
2157,National Geographic: Africa
2158,Rugrats Movie/ Rugrats In Paris: The Movie
2159,Aida: Verdi: James Levine: Metropolitan Opera
2160,Andrea Bocelli: Sacred Arias
2161,Anne-Sophie Mutter: A Life With Beethoven
2162,Blink 182: The Urethra Chronicles
2163,Crocodile Dundee In Los Angeles
2164,Crocodile Dundee 2
2165,Into The Arms Of Strangers: Stories Of The Kindertransport (Special Edition)
2166,Powerman 5000: Backstage And Beyond The Infinite
2167,Return Of The King
2168,Secret Garden: A Night With Secret Garden
2169,Miles Davis: Miles In Paris
2170,Twiztid: Born Twiztid
2171,Doctor Who: The Robots Of Death (Special Edition)
2172,Paul Simon: You're The One (DVD-Audio)
2173,Prancer
2174,Roboco
2175,When Worlds Collide
2176,Along Came a Spider
2177,Pet Sematary 2
2178,Tales From The Darkside: The Movie (Special Edition)
2179,Friday The 13th 5: A New Beginning
2180,Friday The 13th 6: Jason Lives
2181,Across 110th Street
2182,American Ninja
2183,Brannigan
2184,Bucktown
2185,Clambake
2186,Colors
2187,"Cornbread, Earl And Me"
2188,Craig David: Fill Me In DVD Single
2189,Destiny In Space: IMAX
2190,Five On The Black Hand Side
2191,Hail Columbia!: IMAX
2192,Heart Of Dixie
2193,Hell Up In Harlem
2194,IMAX Space Collection
2195,K.D. Lang: Live By Request
2196,MacArthur
2197,Making The Grade
2198,Masters Of The Universe
2199,Midway (Special Edition)
2200,Mission To Mir: IMAX
2201,Not Without My Daughter
2202,Running Scared
2203,Scooby Doo And The Cyber Chase
2204,She Devil
2205,Shiloh
2206,Shiloh 2: Shiloh Season
2207,Kansas
2208,Dress Code
2209,John Waters Collection #2: Polyester/ Desperate Living (Special Edition)
2210,Doctor Zhivago (Special Edition)
2211,John Waters Collection #3: Pink Flamingos/ Female Trouble (Special Edition)
2212,Beautiful Creatures
2213,Rat
2214,Stardom
2215,Tremors 3: Back To Perfection
2216,New York
2217,Empire Of The Sun
2218,Grandma Got Run Over By A Reindeer
2219,Mummy (1959)
2220,Bjork: Hidden Place DVD Single
2221,Land Before Time: The Big Freeze
2222,Angel Eyes (Special Edition/ 2001)
2223,"He Said, She Said (Special Edition)"
2224,Rugrats: Decade In Diapers
2225,Star Trek TV #35: That Which Survives/ Let That Be Your Last Battlefield
2226,Star Trek TV #36: Whom Gods Destroy/ The Mark Of Gideon
2227,Swordfish (Special Edition)
2228,Town And Country
2229,Andrew Lloyd Webber Spotlight Performance Box Set
2230,Andrew Lloyd Webber: Royal Albert Hall Celebration
2231,Butcher's Wife
2232,Michael Flatley: Feet Of Flames
2233,Powerpuff Girls: Meet The Beat Alls (Special Edition)
2234,Beethoven's 4th
2235,Cats: The Ultimate Edition
2236,Michael Flatley: Gold
2237,Boss Of Bosses
2238,Broadway Danny Rose
2239,Choose Me
2240,Dogs Of War
2241,Dominick And Eugene
2242,Gang Related
2243,Gregory's Girl
2244,Hannah And Her Sisters
2245,Midsummer Night's Sex Comedy
2246,Of Mice And Men (1992)
2247,Purple Rose Of Cairo
2248,Radio Days
2249,Woody Allen Collection 1982-1987
2250,Zelig
2251,Angry Red Planet
2252,At The Earth's Core
2253,Christina's House
2254,Empire Of The Ants
2255,Eye For An Eye (1981)
2256,I Bury The Living (MGM)
2257,Invasion U.S.A.
2258,Lone Wolf McQuade
2259,Lord Of The Flies (1990)
2260,Morons From Outer Space
2261,People That Time Forgot
2262,Strange Invaders
2263,War Gods Of The Deep
2264,Cats And Dogs (Special Edition)
2265,South Park: Timmy!
2266,Friends: The Best Of Friends #3
2267,Friends: The Best Of Friends #4
2268,Friends: The Best Of Friends Collection #1-4
2269,Friends: The Best Of Friends Gift Set #3 & 4
2270,South Park: Winter Wonderland
2271,Frankie And Johnny (1991)
2272,Star Trek: The Motion Pictures DVD Collection 1-9
2273,Star Trek: The Original Crew Movie Collection 1-6
2274,What's Eating Gilbert Grape
2275,MTV: Inside Fear
2276,MTV: The Real World You Never Saw: Back To New York
2277,Star Trek 1: The Motion Picture: The Director's Edition (Special Edition)
2278,Apocalypse Now Redux
2279,Bill And Ted's Bogus Journey
2280,Bill And Ted's Excellent Adventure
2281,Defiant Ones
2282,Dirty Rotten Scoundrels (Special Edition)
2283,Fritz The Cat
2284,Handmaid's Tale
2285,Inherit The Wind
2286,Lara Croft: Tomb Raider (Special Edition)
2287,Look Back In Anger
2288,Lover
2289,Nine Lives Of Fritz The Cat
2290,Party (1968)
2291,Pokemon: Mewtwo Returns
2292,Separate Tables (Special Edition)
2293,Topkapi
2294,Witness For The Prosecution
2295,Dodsworth
2296,Josie And The Pussycats (Special Edition/ PG Version)
2297,Gone with Sunny
2298,Matrix 2
